"predictor","beta.est","beta.se"
"(Intercept)",0.0528295087159688,0.0168529182793823
"imp",-0.000860979614265621,0.000510452510544833
"can",0.000225252506475457,0.000445136756539533
"imp:can",-9.32894436036213e-06,7.82731121029475e-06
"I(imp^2)",1.20313528595738e-06,3.88935129076218e-06
"I(can^2)",3.53738327108862e-06,3.03794345605322e-06
