"predictor","beta.est","beta.se"
"(Intercept)",0.226766889755808,0.0433482175688452
"imp",0.00385231485217533,0.00140947671315845
"can",-0.00240473541759779,0.00117321308908259
"imp:can",-1.21270554495232e-05,1.76754061798721e-05
"I(imp^2)",1.38104791223632e-05,1.22012054328384e-05
"I(can^2)",1.13537779463759e-05,8.3954005208769e-06
