"predictor","beta.est","beta.se"
"(Intercept)",-5.11869384761552,1.65918966973529
"imp",0.00994754756198709,0.041364810587557
"can",0.00938408010000997,0.0325972468485888
"imp:can",0.000129658560689286,0.000171847906237736
"I(imp^2)",-0.00030904066231709,0.000611944439542623
"I(can^2)",-0.000156907685674635,0.000267331813460576
