"predictor","beta.est","beta.se"
"(Intercept)",-2.76158037128428,0.508697501572707
"imp",0.00407668423516208,0.00892413941543015
"can",-0.00350071599901075,0.00806704800696319
"imp:can",5.53151699560591e-06,5.12389773410525e-05
"I(imp^2)",-5.247996700921e-06,6.12910636564868e-05
"I(can^2)",-7.09266101182222e-06,4.7798928187546e-05
