"predictor","beta.est","beta.se"
"(Intercept)",0.0518205931507754,0.00884966723732229
"imp",-0.00167839538776712,0.000394839526237811
"can",-0.000569394454648349,0.000277828867797609
"imp:can",-7.26499161597862e-06,4.86437599858066e-06
"I(imp^2)",1.37586047251506e-05,4.74915071763139e-06
"I(can^2)",4.40228595317249e-06,2.31868763946622e-06
