"predictor","beta.est","beta.se"
"(Intercept)",0.00112601637732593,0.00156551788939076
"imp",-1.17097204103637e-05,3.13900327418887e-05
"can",3.05951443988902e-05,3.633818037632e-05
"imp:can",1.52808551913913e-07,2.8282488099022e-07
"I(imp^2)",-1.7560110459383e-08,2.16025694063165e-07
"I(can^2)",7.95138604674451e-08,2.09944439808074e-07
