"predictor","beta.est","beta.se"
"(Intercept)",-7.07372198532422,4.60675470480504
"imp",0.0361118970488533,0.273302693589266
"can",0.00944810781056479,0.101158540168117
"imp:can",0.000235150980167486,0.00126740550437322
"I(imp^2)",-0.00339320772799136,0.0110680108096143
"I(can^2)",-0.000225256659008083,0.000986903750959023
