"predictor","beta.est","beta.se"
"(Intercept)",-1.68521260306284,0.351814441956571
"imp",-0.00940529456205039,0.00779338205843996
"can",0.00896329497567565,0.00579560915112488
"imp:can",1.16588135515693e-05,4.01752461599624e-05
"I(imp^2)",-4.4481588934219e-05,7.62230482344003e-05
"I(can^2)",-1.72643469116761e-05,2.86781627050557e-05
