"predictor","beta.est","beta.se"
"(Intercept)",-2.06712321305653,0.376062457865679
"imp",-0.00693220676431853,0.00799562549692219
"can",0.0024603741141495,0.00553511446618491
"imp:can",1.63890513543361e-06,3.9946031742852e-05
"I(imp^2)",-1.00274533443439e-05,6.18385303724566e-05
"I(can^2)",-5.95664180402619e-06,3.08071656721253e-05
