"predictor","beta.est","beta.se"
"(Intercept)",0.0172845468328106,0.0051991183898457
"imp",2.2325448779277e-05,0.000206268753287449
"can",-0.000147266632384413,0.000121846379777559
"imp:can",-3.15256396124134e-06,2.51431412177812e-06
"I(imp^2)",-3.11479286598841e-06,2.02208820459988e-06
"I(can^2)",9.05294084952575e-07,8.14570951401381e-07
