"predictor","beta.est","beta.se"
"(Intercept)",-7.33119757961305,5.03828641864782
"imp",-0.0563507832963381,0.408361320967855
"can",-0.00193832838798559,0.0840927757340748
"imp:can",0.000864386860613777,0.00280523072179866
"I(imp^2)",-0.000850877685015008,0.010011320523483
"I(can^2)",-3.16596818095819e-05,0.000554204029895517
