"predictor","beta.est","beta.se"
"(Intercept)",0.0228904435660172,0.00800799676721011
"imp",-0.000900325817211124,0.000353182252987047
"can",-6.88201661276844e-05,0.000180360887446035
"imp:can",-7.28542303694091e-06,4.16440320871939e-06
"I(imp^2)",8.28474341660109e-06,3.87959636633413e-06
"I(can^2)",1.38172774913752e-06,1.22142940429838e-06
