"predictor","beta.est","beta.se"
"(Intercept)",0.131734089370047,0.040576713632032
"imp",0.00453668698905994,0.00130636381919056
"can",-0.00254409376394584,0.00117874803521477
"imp:can",-2.71302961139295e-05,2.0482345792915e-05
"I(imp^2)",1.19942505002054e-05,1.12826787558797e-05
"I(can^2)",1.46111129142114e-05,9.00154079365397e-06
