"predictor","beta.est","beta.se"
"(Intercept)",0.00071612525648719,0.00275871476493115
"imp",-3.82728033753962e-05,6.06098230481035e-05
"can",4.26745098757173e-05,7.57395243649909e-05
"imp:can",-7.13648370020658e-07,7.52360950426584e-07
"I(imp^2)",3.21146520041484e-07,4.79023344690787e-07
"I(can^2)",5.44238069455296e-07,5.2026063113567e-07
