"predictor","beta.est","beta.se"
"(Intercept)",-1.01774706920828,0.269007068405397
"imp",9.62945012970044e-05,0.00443566600788881
"can",0.0015380972851826,0.00402711547892096
"imp:can",8.41367680942577e-06,1.74959635433064e-05
"I(imp^2)",-9.80262962353888e-06,2.52110755543439e-05
"I(can^2)",-4.78304907266255e-06,2.01709982732943e-05
