"predictor","beta.est","beta.se"
"(Intercept)",0.00163526747696964,0.00934697704574553
"imp",5.84092644503138e-05,0.000162702559433191
"can",0.00101746857197831,0.000242933499689352
"imp:can",5.47370526278542e-07,1.77202583353838e-06
"I(imp^2)",-5.10590261930356e-07,1.12182074865827e-06
"I(can^2)",4.34102844734111e-07,1.3817920874088e-06
