"predictor","beta.est","beta.se"
"(Intercept)",0.385899589510565,0.0419148349442635
"imp",-0.00142260194342686,0.00115662853292158
"can",0.00131866522678079,0.00143700716122129
"imp:can",3.57134249053573e-06,1.52398944428572e-05
"I(imp^2)",-7.53382197792212e-06,8.93607530018269e-06
"I(can^2)",-3.00351948435534e-05,1.27111057470409e-05
