"predictor","beta.est","beta.se"
"(Intercept)",-0.527509736448104,0.311922147033901
"imp",0.00716500085709655,0.0100837133288513
"can",0.00422490895409676,0.0058583097445116
"imp:can",2.97678241433867e-05,5.5269657763336e-05
"I(imp^2)",-0.000134511306480064,0.00010990547272634
"I(can^2)",-4.4157045078342e-05,4.03337255138617e-05
