"predictor","beta.est","beta.se"
"(Intercept)",0.0408189689596769,0.00980163065280385
"imp",-0.000437176873500382,0.000290890546399475
"can",-9.15139773368849e-05,0.000215904103001389
"imp:can",-4.58883970904922e-07,2.64039771132008e-06
"I(imp^2)",-3.35194404292697e-07,1.98636124210354e-06
"I(can^2)",-1.03922653494871e-06,1.29464311183954e-06
